id;nombre;direccion;direccion_gps;email;celular;indicativo;estado;fecha_registro
1;EXE index clicks-and-mortar;Monte parse;circuit override;Gonzalo.Cordero65@yahoo.com;Australian;synthesize Agente Acero;26121;2022-08-06T21:30:29
2;payment Borders Humano;multi-byte;Arquitecto;Armando_Olivas@hotmail.com;Valenciana;circuit Coordinador Ethiopian;99653;2022-08-06T17:23:29
3;Borders digital Asistente;Pescado Metal Japón;Avon;Sara_Padrn@yahoo.com;monitor real-time;EXE plug-and-play;8758;2022-08-06T09:49:16
4;Account Amarillo Galicia;Sabroso Adelante;override;Raquel_Ceja@gmail.com;Edificio;Algodón Armenia;94415;2022-08-06T17:26:41
5;Cliente index Guinea-Bisau;Avon;digital;Amalia.Barraza43@yahoo.com;estructura;Mascotas Galicia panel;52773;2022-08-06T01:51:09
6;open-source;SSL;drive Senior;Marisol22@yahoo.com;Acero multi-byte;Representante Subida Madrid;77467;2022-08-06T04:37:03
7;XSS;Cambridgeshire haptic arquitectura;Canarias;Alejandro_Abeyta@hotmail.com;Madera mano;synthesize Optimización payment;18914;2022-08-06T10:43:11
8;engage;Arroyo El neural;Borders Salida;ngela31@yahoo.com;withdrawal Senda withdrawal;Guantes;97720;2022-08-06T17:14:30
9;leverage Cine XSS;Paradigma Estratega;Argelia Vía AGP;JosEmilio_Soliz30@yahoo.com;multitarea Cliente;Dinánmico SSL orchestrate;52364;2022-08-06T05:49:23
10;Loan Música Ladrillo;Berkshire program;Jefe;Claudio63@hotmail.com;Berkshire;Puente;76066;2022-08-06T08:57:47
