id;primer_nombre;segundo_nombre;primer_apellido;segundo_apellido;tipo_documento;documento;documento_dv;edad;indicativo;celular;direccion;direccion_gps;foto;foto_content_type;fecha_registro
1;Buckinghamshire transmitting;multiestado;Queso actitud Account;Metal Interno Leone;transmitting Galicia;convergence COM Acero;Bedfordshire SCSI;2022-08-06T22:17:45;Central;Morado cross-platform Decoración;capacitor PCI;Money morph bluetooth;../fake-data/blob/hipster.png;image/png;2022-08-06T11:52:27
2;generación Azul;Bedfordshire Costa navigating;circuit Sabroso;Guantes multiestado virtual;Bedfordshire;innovate;Bricolaje International Perú;2022-08-06T10:47:46;Fantástico e-commerce demanda;Market;Refinado online bypassing;Salud complejidad hack;../fake-data/blob/hipster.png;image/png;2022-08-06T18:42:50
3;Decoración Algodón;Buckinghamshire;customized;withdrawal Vía;Mascotas Gourde;back en Atún;primary;2022-08-06T13:39:51;XML Rústico;web-readiness redundant Ingeniero;optical Morado;input Dinánmico Ladrillo;../fake-data/blob/hipster.png;image/png;2022-08-06T16:47:19
4;Operaciones Borders open-source;Cambridgeshire Kazajistan;Dinar Investment;Refinado Lempira;firewall backing;alto;Mancha Sabroso;2022-08-07T00:27:55;e-services;Personal SSL;hard Bricolaje;Blanco up Sorprendente;../fake-data/blob/hipster.png;image/png;2022-08-06T14:24:39
5;Fantástico Metal;Juguetería;expedite Diverso;SDD driver;Pantalones Masía previsión;scalable;Madera Usabilidad;2022-08-06T05:02:18;Representante program;SDD markets;Interacciones;Pollo estatica Ferrocarril;../fake-data/blob/hipster.png;image/png;2022-08-06T12:56:09
6;Regional;Lugar;Juguetería parsing Violeta;Pelota;Ramal Diseñador program;Orgánico Morado;Granito array;2022-08-06T15:56:56;Moldavia payment;Ladrillo;Multi reintermediate;Queso Librería;../fake-data/blob/hipster.png;image/png;2022-08-06T02:24:28
7;Moda deposit Configuración;Amarillo Música;portals productividad;Artesanal parsing;función;Islands;La Borders;2022-08-06T15:01:20;Rojo;Cantabria;Zapatos;Para;../fake-data/blob/hipster.png;image/png;2022-08-06T02:06:43
8;Parafarmacia;Brunei Bacon Consultor;parse Avenida;Buckinghamshire transform Castilla-La;Quinta;Verde Refinado;Market;2022-08-06T02:05:19;Andalucía;Omán;Planificador;Rústico asimétrica Planificador;../fake-data/blob/hipster.png;image/png;2022-08-06T01:13:40
9;Directo Argelia;cross-media Loan;Masía Deportes generación;protocolo;Account compressing;EXE;Pequeño;2022-08-06T20:15:45;index Pantalones Verde;system incubate;Ensalada;Negro;../fake-data/blob/hipster.png;image/png;2022-08-06T12:44:15
10;Borders;Futuro Iranian rich;Extremadura;Acero abierto;Inversor Castilla-La;copy Cambridgeshire;Asistente Videojuegos world-class;2022-08-06T23:19:12;Madera Cine;SMTP;neural PCI;driver transform de;../fake-data/blob/hipster.png;image/png;2022-08-06T05:38:21
